{
    "step": "section_1",
    "timestamp": "2026-01-13T13:15:40.381738",
    "rows_before": 1529,
    "rows_after": 1421,
    "rows_removed": 108,
    "cols_before": 50,
    "cols_after": 44,
    "details": {
        "initial_count": 1529,
        "rejections": {
            "pre_marked_outliers": 14,
            "non_compliant": 108,
            "excessive_missing": 0
        },
        "imputation_enabled": false,
        "imputed_columns": {},
        "dropped_columns": [
            "exclusion_reason",
            "Comments",
            "Outlier",
            "YearsENERGYSTARCertified",
            "ThirdLargestPropertyUseType",
            "ThirdLargestPropertyUseTypeGFA",
            "SecondLargestPropertyUseType",
            "SecondLargestPropertyUseTypeGFA"
        ]
    }
}