{
    "step": "section_0",
    "timestamp": "2026-01-13T13:15:39.556492",
    "rows_before": 3376,
    "rows_after": 1624,
    "rows_removed": 1752,
    "cols_before": 47,
    "cols_after": 46,
    "details": {
        "excluded_building_types": [
            "Multifamily MR (5-9)",
            "Multifamily HR (10+)",
            "Multifamily LR (1-4)"
        ],
        "excluded_primary_property_types": [
            "Residence Hall",
            "Senior Care Community",
            "Low-Rise Multifamily"
        ],
        "counts": {
            "by_building_type": 1708,
            "by_primary_type": 1055
        },
        "action": "Nettoyage initial : filtrage par types et harmonisation"
    }
}