y_true,y_pred_m1,y_pred_m2,error_m1,error_m2,abs_error_m1,abs_error_m2
167.98,169.9357406530084,169.78079719910042,-1.9557406530084052,-1.8007971991004297,1.9557406530084052,1.8007971991004297
173.74999999999994,175.23022754452592,175.24290980733642,-1.4802275445259738,-1.4929098073364742,1.4802275445259738,1.4929098073364742
33.849999999999994,33.87555706139365,33.873062043683966,-0.025557061393655545,-0.023062043683971467,0.025557061393655545,0.023062043683971467
37.309999999999995,37.39854755392853,37.423690166094524,-0.0885475539285352,-0.11369016609452842,0.0885475539285352,0.11369016609452842
564.2838422465591,564.2838422465655,564.2838422465655,-6.480149750132114e-12,-6.480149750132114e-12,6.480149750132114e-12,6.480149750132114e-12
369.13999999999993,364.05776287296925,364.19214287880743,5.08223712703068,4.947857121192499,5.08223712703068,4.947857121192499
9.079999999999998,9.091714072358617,9.085586334345757,-0.01171407235861821,-0.00558633434575917,0.01171407235861821,0.00558633434575917
564.2838422465591,564.2838422465655,564.1300510062022,-6.480149750132114e-12,0.1537912403568953,6.480149750132114e-12,0.1537912403568953
25.319999999999997,25.288848433911276,25.301006585644924,0.031151566088720273,0.018993414355072957,0.031151566088720273,0.018993414355072957
33.17,33.20971843660434,33.21371537303397,-0.03971843660433905,-0.043715373033968774,0.03971843660433905,0.043715373033968774
481.0600000000001,483.59927201852196,483.13631999153046,-2.5392720185218423,-2.0763199915303403,2.5392720185218423,2.0763199915303403
30.030000000000005,30.087127458575257,30.103114409677772,-0.05712745857525192,-0.07311440967776761,0.05712745857525192,0.07311440967776761
31.599999999999994,31.621699495012606,31.62769662732125,-0.021699495012612147,-0.027696627321255107,0.021699495012612147,0.027696627321255107
51.669999999999995,51.58949222038754,51.54663284227816,0.08050777961245359,0.12336715772183737,0.08050777961245359,0.12336715772183737
564.2838422465591,564.2838422465655,564.2838422465655,-6.480149750132114e-12,-6.480149750132114e-12,6.480149750132114e-12,6.480149750132114e-12
530.6200000000005,527.6145270846108,526.9530951772043,3.005472915389646,3.666904822796141,3.005472915389646,3.666904822796141
75.12000000000002,74.95332428953529,74.90078870561328,0.1666757104647303,0.2192112943867386,0.1666757104647303,0.2192112943867386
226.05999999999992,226.4568908711726,226.53965666003688,-0.39689087117267263,-0.47965666003696583,0.39689087117267263,0.47965666003696583
134.37999999999997,135.37182716349258,135.33173101317814,-0.9918271634926157,-0.9517310131781755,0.9918271634926157,0.9517310131781755
12.919999999999993,12.93626262807931,12.938115550917415,-0.016262628079317665,-0.018115550917421785,0.016262628079317665,0.018115550917421785
265.2099999999999,266.32371499062054,266.72093198302986,-1.1137149906206218,-1.5109319830299341,1.1137149906206218,1.5109319830299341
38.39000000000002,38.39810078041412,38.39610125619093,-0.008100780414096675,-0.00610125619090951,0.008100780414096675,0.00610125619090951
12.240000000000002,12.151370255418044,12.143463281185662,0.08862974458195794,0.09653671881434,0.08862974458195794,0.09653671881434
38.70999999999999,38.57700162847932,38.58782705010199,0.13299837152066374,0.12217294989799399,0.13299837152066374,0.12217294989799399
564.2838422465591,564.2838422465655,564.2838422465655,-6.480149750132114e-12,-6.480149750132114e-12,6.480149750132114e-12,6.480149750132114e-12
9.760000000000002,9.735745151963876,9.765310563904002,0.024254848036125765,-0.0053105639040005315,0.024254848036125765,0.0053105639040005315
176.74999999999991,176.23691450218382,176.3414408729267,0.5130854978160926,0.40855912707320385,0.5130854978160926,0.40855912707320385
72.42000000000002,72.54054375286239,72.48066051364331,-0.12054375286237473,-0.06066051364329894,0.12054375286237473,0.06066051364329894
179.44999999999993,179.15356583286314,179.46369703294832,0.2964341671367947,-0.013697032948385868,0.2964341671367947,0.013697032948385868
150.23,149.447208262457,149.24037964634203,0.7827917375429934,0.9896203536579549,0.7827917375429934,0.9896203536579549
100.26,100.17790958774049,100.27056080276722,0.08209041225951808,-0.01056080276721616,0.08209041225951808,0.01056080276721616
150.88000000000005,150.24588698601457,150.0623953880538,0.634113013985484,0.8176046119462512,0.634113013985484,0.8176046119462512
173.6699999999999,175.51637430666628,175.43397945412747,-1.8463743066663767,-1.7639794541275648,1.8463743066663767,1.7639794541275648
37.779999999999994,37.703638188220665,37.71323273609261,0.07636181177932855,0.06676726390738708,0.07636181177932855,0.06676726390738708
142.35999999999996,142.03282414797903,142.24497053967235,0.3271758520209289,0.11502946032760519,0.3271758520209289,0.11502946032760519
185.22999999999996,184.08727835995947,183.8230543476095,1.1427216400404916,1.4069456523904478,1.1427216400404916,1.4069456523904478
318.08000000000004,316.9826571180581,317.4124086772845,1.0973428819419269,0.6675913227155661,1.0973428819419269,0.6675913227155661
9.709999999999999,9.663186460182926,9.674554136125051,0.046813539817073035,0.03544586387494775,0.046813539817073035,0.03544586387494775
388.0400000000001,390.1723907404397,390.2801972021821,-2.1323907404396323,-2.240197202182003,2.1323907404396323,2.240197202182003
30.519999999999996,30.47644786591793,30.462830907780276,0.043552134082066374,0.057169092219719886,0.043552134082066374,0.057169092219719886
133.49999999999997,133.82477095000726,133.7849694598772,-0.3247709500072915,-0.28496945987723166,0.3247709500072915,0.28496945987723166
103.28000000000002,103.73119665040561,103.66761350806443,-0.451196650405592,-0.38761350806441897,0.451196650405592,0.38761350806441897
40.01,40.19591777569536,40.09759147460275,-0.1859177756953585,-0.0875914746027533,0.1859177756953585,0.0875914746027533
29.53,29.548745296704194,29.526208366491627,-0.018745296704192782,0.0037916335083743036,0.018745296704192782,0.0037916335083743036
101.21,101.41455925192426,101.36579906528749,-0.20455925192426605,-0.15579906528749632,0.20455925192426605,0.15579906528749632
7.82,7.777474911052133,7.771914650526124,0.04252508894786722,0.04808534947387599,0.04252508894786722,0.04808534947387599
146.99999999999994,146.85787853636361,146.88376769597937,0.14212146363632883,0.11623230402057061,0.14212146363632883,0.11623230402057061
22.099999999999998,22.13244369034191,22.123521251836966,-0.032443690341910525,-0.02352125183696785,0.032443690341910525,0.02352125183696785
121.90000000000003,121.81779982907327,121.91694959842386,0.08220017092676812,-0.016949598423821044,0.08220017092676812,0.016949598423821044
38.87000000000001,38.91444555707903,38.94787044063601,-0.04444555707901543,-0.0778704406359978,0.04444555707901543,0.0778704406359978
98.28000000000006,98.3442341924511,98.50873599663969,-0.06423419245103901,-0.22873599663962807,0.06423419245103901,0.22873599663962807
36.82000000000003,36.619215223247146,36.66951522207898,0.20078477675288298,0.15048477792105075,0.20078477675288298,0.15048477792105075
40.42,40.53531964586435,40.445165162602684,-0.1153196458643464,-0.025165162602682756,0.1153196458643464,0.025165162602682756
107.83000000000001,107.50973156928741,107.50121522853445,0.320268430712602,0.32878477146556406,0.320268430712602,0.32878477146556406
42.02999999999998,41.966427428748645,41.93691269139864,0.06357257125133486,0.09308730860134062,0.06357257125133486,0.09308730860134062
25.140000000000008,25.106738223551915,25.09033688273645,0.03326177644809292,0.04966311726355599,0.03326177644809292,0.04966311726355599
39.05999999999999,39.07693261622045,39.068865875935785,-0.016932616220458385,-0.008865875935796907,0.016932616220458385,0.008865875935796907
33.37,33.3593793426537,33.36272738203814,0.010620657346294138,0.007272617961859851,0.010620657346294138,0.007272617961859851
270.18000000000006,270.0781685363319,269.9208703199806,0.10183146366819074,0.25912968001944137,0.10183146366819074,0.25912968001944137
260.1300000000001,259.2775655436039,260.06927311511663,0.8524344563962245,0.060726884883479215,0.8524344563962245,0.060726884883479215
3.5701718442655155,3.5701718442655253,3.5701718442655253,-9.769962616701378e-15,-9.769962616701378e-15,9.769962616701378e-15,9.769962616701378e-15
20.939999999999998,20.846949934736557,20.84444375689047,0.09305006526344073,0.09555624310952737,0.09305006526344073,0.09555624310952737
120.86000000000003,120.92366365037589,120.91890510472238,-0.06366365037585808,-0.05890510472235633,0.06366365037585808,0.05890510472235633
15.27,15.31044159194984,15.320682216087214,-0.04044159194983976,-0.050682216087214016,0.04044159194983976,0.050682216087214016
65.89000000000001,65.89331601613823,65.78604992067069,-0.003316016138214195,0.10395007932932288,0.003316016138214195,0.10395007932932288
10.430000000000001,10.387707179484467,10.41227157142232,0.0422928205155344,0.017728428577681754,0.0422928205155344,0.017728428577681754
17.869999999999997,17.946569357049995,17.918165573071825,-0.07656935704999768,-0.04816557307182734,0.07656935704999768,0.04816557307182734
17.079999999999995,17.13077430562664,17.16327752712184,-0.05077430562664631,-0.08327752712184378,0.05077430562664631,0.08327752712184378
6.410000000000005,6.44545425179635,6.434668705783351,-0.035454251796345204,-0.024668705783346567,0.035454251796345204,0.024668705783346567
18.869999999999997,18.773345673757134,18.768191370100066,0.09665432624286296,0.10180862989993145,0.09665432624286296,0.10180862989993145
23.86,23.8624861914366,23.873118330983566,-0.0024861914365992277,-0.013118330983566295,0.0024861914365992277,0.013118330983566295
156.18000000000006,157.15489520901713,157.15536690529473,-0.9748952090170633,-0.9753669052946634,0.9748952090170633,0.9753669052946634
60.42999999999999,60.355031546793334,60.37360827671834,0.07496845320665813,0.05639172328164932,0.07496845320665813,0.05639172328164932
564.2838422465591,564.2424522102091,564.2424522102091,0.04139003634998062,0.04139003634998062,0.04139003634998062,0.04139003634998062
24.289999999999996,24.296154744930785,24.28876634123005,-0.006154744930789491,0.0012336587699444124,0.006154744930789491,0.0012336587699444124
9.769999999999996,9.714434941196359,9.726640113227905,0.05556505880363716,0.043359886772091016,0.05556505880363716,0.043359886772091016
128.06999999999994,128.40459607175544,128.2330581806079,-0.33459607175549877,-0.16305818060797606,0.33459607175549877,0.16305818060797606
58.43999999999999,58.385763572128944,58.4293275071153,0.054236427871046544,0.010672492884687301,0.054236427871046544,0.010672492884687301
12.48,12.507776808677736,12.492872009286149,-0.027776808677735687,-0.012872009286148511,0.027776808677735687,0.012872009286148511
5.86,5.999490966187674,6.011728656860097,-0.13949096618767332,-0.1517286568600964,0.13949096618767332,0.1517286568600964
70.09,70.15780369279761,70.07653669773019,-0.06780369279761089,0.013463302269812516,0.06780369279761089,0.013463302269812516
222.77999999999992,222.4532644067932,222.40031908205404,0.3267355932067062,0.3796809179458762,0.3267355932067062,0.3796809179458762
50.67000000000001,50.71279547051913,50.72162361126437,-0.042795470519124024,-0.0516236112643611,0.042795470519124024,0.0516236112643611
119.81,119.84883538735501,119.84258426420394,-0.038835387355007356,-0.032584264203933344,0.038835387355007356,0.032584264203933344
33.519999999999996,33.47338960384559,33.50338079667214,0.04661039615440643,0.01661920332785627,0.04661039615440643,0.01661920332785627
11.69,11.703486428804608,11.715599592146846,-0.013486428804608153,-0.025599592146846817,0.013486428804608153,0.025599592146846817
215.00000000000006,215.42421969322518,215.4197004082325,-0.4242196932251261,-0.41970040823244403,0.4242196932251261,0.41970040823244403
22.18,22.060329398516668,22.0632103276205,0.11967060148333175,0.11678967237950033,0.11967060148333175,0.11678967237950033
46.529999999999994,46.486998151572,46.50314390475787,0.04300184842799126,0.026856095242123956,0.04300184842799126,0.026856095242123956
13.51,13.670748602290685,13.67468581904998,-0.16074860229068477,-0.16468581904998025,0.16074860229068477,0.16468581904998025
81.96000000000001,82.47152389156491,82.36512613564784,-0.5115238915649059,-0.4051261356478335,0.5115238915649059,0.4051261356478335
17.869999999999997,17.929113810287735,17.910335857923,-0.05911381028773732,-0.04033585792300087,0.05911381028773732,0.04033585792300087
38.17999999999998,38.212869937161805,38.19482478892575,-0.03286993716182707,-0.01482478892577177,0.03286993716182707,0.01482478892577177
29.820000000000007,29.805372317349168,29.79695542007684,0.014627682650839802,0.023044579923165998,0.014627682650839802,0.023044579923165998
24.729999999999997,24.815726495387377,24.81342898663745,-0.0857264953873802,-0.08342898663745402,0.0857264953873802,0.08342898663745402
78.92000000000002,78.57960016336787,78.6921036205282,0.34039983663214457,0.22789637947181518,0.34039983663214457,0.22789637947181518
141.94999999999996,141.88108416290794,142.1240708755066,0.06891583709202109,-0.17407087550662936,0.06891583709202109,0.17407087550662936
62.05000000000001,61.93492058881275,61.965800841267175,0.11507941118725995,0.08419915873283657,0.11507941118725995,0.08419915873283657
185.32999999999996,184.3313868207079,184.07314242957838,0.9986131792920503,1.2568575704215732,0.9986131792920503,1.2568575704215732
35.99000000000001,35.877337702893584,35.94104252449982,0.11266229710642506,0.04895747550018825,0.11266229710642506,0.04895747550018825
73.00000000000003,72.97466719354239,72.94206287523572,0.0253328064576408,0.05793712476430812,0.0253328064576408,0.05793712476430812
39.40000000000003,39.61189086917561,39.6140164353402,-0.21189086917558342,-0.21401643534017012,0.21189086917558342,0.21401643534017012
185.38999999999996,184.6066907738255,184.282394718861,0.7833092261744525,1.1076052811389445,0.7833092261744525,1.1076052811389445
564.2838422465591,564.0614349700002,564.1726276680421,0.22240727655889714,0.11121457851697869,0.22240727655889714,0.11121457851697869
13.330000000000002,13.23708707941681,13.227916842501394,0.092912920583192,0.1020831574986083,0.092912920583192,0.1020831574986083
344.19999999999993,345.81158152970363,345.48407570653836,-1.6115815297036988,-1.284075706538431,1.6115815297036988,1.284075706538431
362.66000000000014,362.1382205428787,362.57287918940534,0.521779457121454,0.08712081059479715,0.521779457121454,0.08712081059479715
8.219999999999997,8.084941140512612,8.08098216986474,0.13505885948738516,0.13901783013525737,0.13505885948738516,0.13901783013525737
39.30999999999996,39.410282363525496,39.445979786019066,-0.10028236352553677,-0.13597978601910654,0.10028236352553677,0.13597978601910654
27.92000000000001,27.947333408392925,27.942832268469623,-0.027333408392916425,-0.022832268469613837,0.027333408392916425,0.022832268469613837
3.5701718442655155,3.5717430832523034,3.5717430832523034,-0.001571238986787904,-0.001571238986787904,0.001571238986787904,0.001571238986787904
223.35999999999996,223.7911604166081,223.75739632242937,-0.43116041660815085,-0.39739632242941525,0.43116041660815085,0.39739632242941525
37.34000000000001,37.38928636365236,37.42936041112394,-0.04928636365234951,-0.08936041112392701,0.04928636365234951,0.08936041112392701
177.61999999999998,178.2092152974496,178.46147797279147,-0.5892152974496128,-0.8414779727914947,0.5892152974496128,0.8414779727914947
10.830000000000007,10.83705873928988,10.850104923706407,-0.007058739289872662,-0.020104923706400157,0.007058739289872662,0.020104923706400157
43.17000000000001,43.10846176433191,43.096309536073164,0.061538235668095354,0.07369046392684453,0.061538235668095354,0.07369046392684453
55.849999999999994,55.761080003843134,55.840284985009184,0.08891999615686075,0.009715014990810289,0.08891999615686075,0.009715014990810289
25.140000000000008,25.090283391145643,25.09251876585874,0.04971660885436435,0.04748123414126937,0.04971660885436435,0.04748123414126937
264.78,265.575936368958,265.77049035028637,-0.7959363689580528,-0.9904903502863931,0.7959363689580528,0.9904903502863931
58.43000000000001,58.38083855539613,58.362955065776404,0.04916144460387528,0.06704493422360258,0.04916144460387528,0.06704493422360258
152.14,152.50293020104695,152.52628682680034,-0.3629302010469644,-0.3862868268003581,0.3629302010469644,0.3862868268003581
56.03999999999999,55.88050343238227,55.85016493944017,0.15949656761772246,0.18983506055982247,0.15949656761772246,0.18983506055982247
55.609999999999985,55.72805420996605,55.764443870262056,-0.11805420996606131,-0.15444387026207096,0.11805420996606131,0.15444387026207096
169.06000000000003,170.1728699343921,170.16354231498835,-1.11286993439208,-1.1035423149883172,1.11286993439208,1.1035423149883172
9.25,9.270112781190761,9.267749225175445,-0.020112781190761098,-0.01774922517544475,0.020112781190761098,0.01774922517544475
49.9,49.96844202852795,49.97869514680934,-0.06844202852795434,-0.07869514680934486,0.06844202852795434,0.07869514680934486
58.999999999999986,59.16676293935029,59.11358397585987,-0.16676293935030628,-0.113583975859882,0.16676293935030628,0.113583975859882
37.61000000000001,37.55675906629729,37.59424642849075,0.05324093370271754,0.015753571509257824,0.05324093370271754,0.015753571509257824
24.38,24.28314757179185,24.307773152579028,0.09685242820814821,0.0722268474209713,0.09685242820814821,0.0722268474209713
124.40000000000002,124.76137540356667,124.76115566207457,-0.36137540356665454,-0.36115566207455174,0.36137540356665454,0.36115566207455174
30.789999999999996,30.70361491218423,30.693867684930982,0.08638508781576704,0.09613231506901343,0.08638508781576704,0.09613231506901343
64.88000000000005,64.90579968540865,64.91981156923539,-0.025799685408600226,-0.039811569235340016,0.025799685408600226,0.039811569235340016
49.089999999999975,49.17523264232573,49.168651506177504,-0.08523264232575656,-0.07865150617752903,0.08523264232575656,0.07865150617752903
8.420000000000005,8.498358744526596,8.484772903170708,-0.0783587445265912,-0.06477290317070228,0.0783587445265912,0.06477290317070228
3.5701718442655155,3.5701718442655253,3.5701718442655253,-9.769962616701378e-15,-9.769962616701378e-15,9.769962616701378e-15,9.769962616701378e-15
6.7299999999999995,6.746034284077433,6.785245096369838,-0.016034284077433902,-0.05524509636983854,0.016034284077433902,0.05524509636983854
28.090000000000003,27.998343703574626,28.007118660412445,0.09165629642537709,0.0828813395875585,0.09165629642537709,0.0828813395875585
19.069999999999997,19.04717737678775,19.033048118678007,0.02282262321224593,0.03695188132198979,0.02282262321224593,0.03695188132198979
83.70000000000002,83.62268130717273,83.52136939131881,0.07731869282729065,0.17863060868120328,0.07731869282729065,0.17863060868120328
86.90000000000003,86.73512945937422,86.67111046986108,0.16487054062581308,0.2288895301389573,0.16487054062581308,0.2288895301389573
48.65,48.50689399247491,48.519985229419085,0.14310600752509117,0.13001477058091382,0.14310600752509117,0.13001477058091382
106.12000000000003,106.86862882079282,106.84864815145436,-0.7486288207927885,-0.7286481514543226,0.7486288207927885,0.7286481514543226
64.75,64.90553616900618,64.92786105681272,-0.15553616900618294,-0.17786105681271636,0.15553616900618294,0.17786105681271636
58.88000000000001,58.798162692725306,58.768938574708415,0.08183730727470362,0.11106142529159513,0.08183730727470362,0.11106142529159513
38.779999999999994,38.90576266902831,38.88092462006071,-0.1257626690283189,-0.10092462006071656,0.1257626690283189,0.10092462006071656
564.2838422465591,564.2838422465655,564.2838422465655,-6.480149750132114e-12,-6.480149750132114e-12,6.480149750132114e-12,6.480149750132114e-12
61.29999999999998,61.23933519778088,61.22773497706946,0.06066480221910098,0.07226502293052306,0.06066480221910098,0.07226502293052306
49.28000000000001,49.18935452433512,49.1875957142534,0.09064547566488557,0.09240428574661053,0.09064547566488557,0.09240428574661053
564.2838422465591,564.2838422465655,564.2838422465655,-6.480149750132114e-12,-6.480149750132114e-12,6.480149750132114e-12,6.480149750132114e-12
32.640000000000015,32.628106875440636,32.64566486159749,0.01189312455937852,-0.005664861597473703,0.01189312455937852,0.005664861597473703
131.39999999999998,131.25226880332428,131.28777694431867,0.1477311966756929,0.11222305568131219,0.1477311966756929,0.11222305568131219
162.41,163.52638002523602,163.42961045520784,-1.116380025236026,-1.0196104552078395,1.116380025236026,1.0196104552078395
92.69999999999996,92.6428183868717,92.6225093394,0.05718161312826453,0.07749066059996323,0.05718161312826453,0.07749066059996323
71.06,71.08492430501721,71.10377947168612,-0.024924305017208326,-0.04377947168612195,0.024924305017208326,0.04377947168612195
5.669999999999998,5.665248707058759,5.629579193599875,0.004751292941238994,0.0404208064001228,0.004751292941238994,0.0404208064001228
13.16,13.14543178891725,13.140669430180157,0.014568211082750082,0.019330569819842935,0.014568211082750082,0.019330569819842935
37.08000000000001,37.11047671553449,37.11532696657263,-0.030476715534476284,-0.0353269665726188,0.030476715534476284,0.0353269665726188
22.39000000000001,22.412047083394057,22.399546449461944,-0.02204708339404604,-0.009546449461932838,0.02204708339404604,0.009546449461932838
157.06999999999996,157.37197346960542,157.53162605256415,-0.301973469605457,-0.4616260525641849,0.301973469605457,0.4616260525641849
6.1099999999999985,6.132030957689706,6.130835303001582,-0.022030957689707087,-0.02083530300158376,0.022030957689707087,0.02083530300158376
41.74000000000001,41.762138144914054,41.75434761979418,-0.0221381449140452,-0.014347619794172317,0.0221381449140452,0.014347619794172317
148.10999999999993,147.69484226243983,147.6225268438455,0.41515773756009366,0.48747315615443654,0.41515773756009366,0.48747315615443654
16.039999999999996,16.185601150089624,16.125573429139028,-0.14560115008962882,-0.08557342913903199,0.14560115008962882,0.08557342913903199
277.98,277.90343507457607,277.3454489511524,0.07656492542395199,0.6345510488476407,0.07656492542395199,0.6345510488476407
49.11999999999999,49.14136401514273,49.14879131991826,-0.021364015142737003,-0.028791319918269664,0.021364015142737003,0.028791319918269664
152.14,152.82225466211236,152.74050158363613,-0.6822546621123706,-0.6005015836361451,0.6822546621123706,0.6005015836361451
46.449999999999996,46.43833510746489,46.451944525832076,0.011664892535108606,-0.0019445258320800463,0.011664892535108606,0.0019445258320800463
5.82,5.981475284418171,5.982246359323812,-0.16147528441817105,-0.16224635932381215,0.16147528441817105,0.16224635932381215
9.5,9.464793167132491,9.468546644659028,0.03520683286750881,0.03145335534097171,0.03520683286750881,0.03145335534097171
144.79,145.1431951364988,145.31808437806373,-0.35319513649881173,-0.5280843780637383,0.35319513649881173,0.5280843780637383
11.85,11.821375725808256,11.8317142574875,0.028624274191743737,0.018285742512500036,0.028624274191743737,0.018285742512500036
564.2838422465591,564.2838422465655,564.2631468495516,-6.480149750132114e-12,0.020695397007443717,6.480149750132114e-12,0.020695397007443717
213.23000000000005,214.82399222486922,214.67336224120376,-1.5939922248691687,-1.4433622412037153,1.5939922248691687,1.4433622412037153
6.329999999999998,6.330059538712947,6.321749234230777,-5.9538712948281614e-05,0.00825076576922168,5.9538712948281614e-05,0.00825076576922168
6.529999999999999,6.466669577864893,6.46280552538421,0.06333042213510609,0.06719447461578909,0.06333042213510609,0.06719447461578909
24.630000000000006,24.73038976453176,24.71887493674173,-0.10038976453175508,-0.08887493674172475,0.10038976453175508,0.08887493674172475
155.73999999999998,156.8587104266435,156.9429868611924,-1.1187104266435313,-1.2029868611924144,1.1187104266435313,1.2029868611924144
9.79,9.807210226197604,9.81960921008651,-0.01721022619760504,-0.02960921008651063,0.01721022619760504,0.02960921008651063
564.2838422465591,564.2838422465655,564.2838422465655,-6.480149750132114e-12,-6.480149750132114e-12,6.480149750132114e-12,6.480149750132114e-12
208.7899999999999,208.91194447697046,208.72448116717848,-0.12194447697055466,0.06551883282142512,0.12194447697055466,0.06551883282142512
530.5900000000007,526.3950370264279,526.0950776979205,4.194962973572842,4.4949223020802265,4.194962973572842,4.4949223020802265
18.85,18.82165913611052,18.810260223377025,0.028340863889482648,0.039739776622976564,0.028340863889482648,0.039739776622976564
78.18999999999997,78.34424391691215,78.27045411309996,-0.1542439169121792,-0.0804541130999894,0.1542439169121792,0.0804541130999894
31.580000000000005,31.577570245595744,31.562969849732248,0.0024297544042610753,0.01703015026775745,0.0024297544042610753,0.01703015026775745
24.420000000000005,24.323768636698823,24.318615587708162,0.09623136330118243,0.10138441229184281,0.09623136330118243,0.10138441229184281
293.56000000000006,294.1114207962376,294.2745741235928,-0.5514207962375508,-0.7145741235927403,0.5514207962375508,0.7145741235927403
564.2838422465591,564.2838422465655,564.2838422465655,-6.480149750132114e-12,-6.480149750132114e-12,6.480149750132114e-12,6.480149750132114e-12
46.64,46.56410218927122,46.56263332070278,0.0758978107287831,0.07736667929722074,0.0758978107287831,0.07736667929722074
120.23999999999997,119.91880491135593,119.89966894670266,0.321195088644032,0.3403310532973052,0.321195088644032,0.3403310532973052
8.729999999999999,8.704322969364238,8.714171872972637,0.025677030635760545,0.015828127027361916,0.025677030635760545,0.015828127027361916
564.2838422465591,564.0614349700002,564.1726276680421,0.22240727655889714,0.11121457851697869,0.22240727655889714,0.11121457851697869
20.180000000000003,20.09115539291006,20.07570451441129,0.08884460708994268,0.1042954855887146,0.08884460708994268,0.1042954855887146
45.47000000000001,45.41685755588895,45.38447853792836,0.05314244411106017,0.08552146207165379,0.05314244411106017,0.08552146207165379
3.5701718442655155,3.5717430832523034,3.5717430832523034,-0.001571238986787904,-0.001571238986787904,0.001571238986787904,0.001571238986787904
526.8499999999999,519.0634903889786,520.8637436746341,7.786509611021302,5.986256325365844,7.786509611021302,5.986256325365844
3.5701718442655155,3.5717430832523034,3.5717430832523034,-0.001571238986787904,-0.001571238986787904,0.001571238986787904,0.001571238986787904
168.88,170.69645546918326,170.64093097599087,-1.8164554691832677,-1.760930975990874,1.8164554691832677,1.760930975990874
48.989999999999995,49.139338136925105,49.15699487195309,-0.14933813692510967,-0.1669948719530936,0.14933813692510967,0.1669948719530936
115.42999999999998,115.93237948040706,115.88989490762823,-0.502379480407086,-0.4598949076282537,0.502379480407086,0.4598949076282537
8.77,8.723705298472387,8.72375313790424,0.0462947015276125,0.04624686209576012,0.0462947015276125,0.04624686209576012
5.43,5.377243991725225,5.369806579284465,0.05275600827477511,0.06019342071553435,0.05275600827477511,0.06019342071553435
13.14,13.077220083945766,13.086137851926752,0.06277991605423416,0.053862148073248406,0.06277991605423416,0.053862148073248406
73.58000000000003,73.57146025836136,73.70631714065325,0.008539741638671217,-0.12631714065322797,0.008539741638671217,0.12631714065322797
47.11999999999999,47.081616812401954,47.05700965242569,0.03838318759803627,0.06299034757429922,0.03838318759803627,0.06299034757429922
3.5701718442655155,3.5701718442655253,3.5701718442655253,-9.769962616701378e-15,-9.769962616701378e-15,9.769962616701378e-15,9.769962616701378e-15
18.100000000000005,18.120026975611243,18.093963589496756,-0.020026975611237674,0.006036410503249101,0.020026975611237674,0.006036410503249101
4.019999999999999,3.9933310173158336,3.9898819930228386,0.026668982684165066,0.03011800697716005,0.026668982684165066,0.03011800697716005
64.54000000000003,64.74173874885693,64.76979236569355,-0.20173874885689713,-0.22979236569351258,0.20173874885689713,0.22979236569351258
19.43,19.46595636642379,19.460717656048963,-0.03595636642378963,-0.030717656048963704,0.03595636642378963,0.030717656048963704
487.52999999999986,489.14570785261054,488.7548556641181,-1.615707852610683,-1.2248556641182518,1.615707852610683,1.2248556641182518
15.240000000000002,15.312069219991553,15.312833660560905,-0.07206921999155114,-0.07283366056090301,0.07206921999155114,0.07283366056090301
433.59999999999985,432.52137215111054,432.3491837685808,1.0786278488893117,1.2508162314190372,1.0786278488893117,1.2508162314190372
13.670000000000003,13.703867690254192,13.703630440737179,-0.03386769025418879,-0.03363044073717525,0.03386769025418879,0.03363044073717525
45.790000000000006,46.0213970353237,46.04795183479022,-0.23139703532369538,-0.25795183479021233,0.23139703532369538,0.25795183479021233
20.46,20.47711200061354,20.479988892487615,-0.017112000613540346,-0.01998889248761415,0.017112000613540346,0.01998889248761415
7.49,7.586697294108774,7.571145111050619,-0.09669729410877359,-0.08114511105061872,0.09669729410877359,0.08114511105061872
14.900000000000004,14.84211832362067,14.866695587656071,0.05788167637933306,0.033304412343932555,0.05788167637933306,0.033304412343932555
53.88000000000002,53.947286409677886,53.9659589488067,-0.06728640967786959,-0.08595894880668453,0.06728640967786959,0.08595894880668453
6.04,6.00766164577961,6.020930320353144,0.03233835422039011,0.01906967964685613,0.03233835422039011,0.01906967964685613
15.350000000000005,15.378087984625402,15.35225091950262,-0.02808798462539741,-0.002250919502614579,0.02808798462539741,0.002250919502614579
3.5701718442655155,3.5701718442655253,3.5701718442655253,-9.769962616701378e-15,-9.769962616701378e-15,9.769962616701378e-15,9.769962616701378e-15
76.68,77.00219768687381,76.93425626515878,-0.3221976868738068,-0.254256265158773,0.3221976868738068,0.254256265158773
8.699999999999998,8.639716432106264,8.635045963072796,0.0602835678937339,0.06495403692720103,0.0602835678937339,0.06495403692720103
20.289999999999996,20.351525256715142,20.352471991781563,-0.061525256715146526,-0.06247199178156748,0.061525256715146526,0.06247199178156748
564.2838422465591,564.2838422465655,564.2838422465655,-6.480149750132114e-12,-6.480149750132114e-12,6.480149750132114e-12,6.480149750132114e-12
9.989999999999998,10.038793238975156,10.040149721642747,-0.04879323897515775,-0.050149721642748446,0.04879323897515775,0.050149721642748446
20.86,20.90089688181306,20.88312526583588,-0.040896881813061725,-0.023125265835879816,0.040896881813061725,0.023125265835879816
273.90999999999997,272.7984318509463,272.6973882697161,1.111568149053653,1.212611730283868,1.111568149053653,1.212611730283868
10.750000000000002,10.767485982300535,10.770453561145928,-0.01748598230053311,-0.020453561145926002,0.01748598230053311,0.020453561145926002
5.41,5.356282750291972,5.349075285949662,0.05371724970802827,0.06092471405033795,0.05371724970802827,0.06092471405033795
110.66,110.48917963920687,110.46399562738775,0.17082036079312957,0.19600437261225068,0.17082036079312957,0.19600437261225068
33.8,33.905638343686306,33.90159660664248,-0.10563834368630864,-0.10159660664248094,0.10563834368630864,0.10159660664248094
39.470000000000006,39.510268853466116,39.553279814416385,-0.04026885346610953,-0.08327981441637888,0.04026885346610953,0.08327981441637888
564.2838422465591,564.2838422465655,564.2631468495516,-6.480149750132114e-12,0.020695397007443717,6.480149750132114e-12,0.020695397007443717
11.290000000000001,11.309657836580287,11.313825340826611,-0.019657836580286414,-0.02382534082661003,0.019657836580286414,0.02382534082661003
36.919999999999995,36.55315628601784,36.60805454935417,0.3668437139821563,0.3119454506458226,0.3668437139821563,0.3119454506458226
8.47,8.535285579461986,8.522402563357888,-0.06528557946198532,-0.05240256335788729,0.06528557946198532,0.05240256335788729
79.58,79.64988952302359,79.75790100075812,-0.06988952302359053,-0.17790100075812632,0.06988952302359053,0.17790100075812632
42.64999999999999,42.73027364784914,42.73357054342836,-0.08027364784914681,-0.08357054342836534,0.08027364784914681,0.08357054342836534
3.5701718442655155,3.5701718442655253,3.5701718442655253,-9.769962616701378e-15,-9.769962616701378e-15,9.769962616701378e-15,9.769962616701378e-15
110.41000000000003,110.3134828668084,110.28951758375504,0.09651713319162525,0.12048241624498246,0.09651713319162525,0.12048241624498246
74.92,74.78842574025113,74.75499760217093,0.1315742597488736,0.16500239782907045,0.1315742597488736,0.16500239782907045
195.43000000000004,192.96344276180812,193.1000375499367,2.4665572381919105,2.3299624500633342,2.4665572381919105,2.3299624500633342
40.460000000000015,40.41237377640696,40.42056077304417,0.04762622359305624,0.039439226955842344,0.04762622359305624,0.039439226955842344
423.57000000000005,425.08145411447134,424.53348543948823,-1.5114541144712916,-0.9634854394881813,1.5114541144712916,0.9634854394881813
33.279999999999994,33.24160091113497,33.23267452180136,0.03839908886502741,0.04732547819863697,0.03839908886502741,0.04732547819863697
35.79999999999999,35.823908175842945,35.80660612480444,-0.023908175842954904,-0.006606124804449109,0.023908175842954904,0.006606124804449109
207.78999999999994,208.01534362046982,207.80479388911888,-0.22534362046988576,-0.0147938891189483,0.22534362046988576,0.0147938891189483
8.589999999999998,8.634820065396047,8.641403977072672,-0.0448200653960491,-0.05140397707267397,0.0448200653960491,0.05140397707267397
249.08999999999997,248.63704006194519,248.99238740803418,0.4529599380547893,0.09761259196579886,0.4529599380547893,0.09761259196579886
3.5701718442655155,3.5701718442655253,3.5701718442655253,-9.769962616701378e-15,-9.769962616701378e-15,9.769962616701378e-15,9.769962616701378e-15
33.25999999999999,33.25215651715284,33.25703303436431,0.007843482847150085,0.0029669656356787755,0.007843482847150085,0.0029669656356787755
65.29999999999998,65.06765419523201,65.05357886406036,0.23234580476797362,0.24642113593962733,0.23234580476797362,0.24642113593962733
9.670000000000002,9.670691334150767,9.695993906935938,-0.0006913341507654991,-0.02599390693593584,0.0006913341507654991,0.02599390693593584
35.47999999999999,35.56956482190644,35.57148034249663,-0.08956482190644977,-0.09148034249663795,0.08956482190644977,0.09148034249663795
422.45,419.7329724910695,420.06565330969534,2.717027508930471,2.3843466903046533,2.717027508930471,2.3843466903046533
9.949999999999998,9.941764967370055,9.93604220425368,0.008235032629942296,0.013957795746318169,0.008235032629942296,0.013957795746318169
46.49,46.496543448065125,46.509057881037485,-0.006543448065123414,-0.01905788103748307,0.006543448065123414,0.01905788103748307
143.34,143.5173603534131,143.66838769003974,-0.17736035341309275,-0.3283876900397331,0.17736035341309275,0.3283876900397331
7.739999999999998,7.754934942476073,7.764658048608501,-0.014934942476074298,-0.024658048608502625,0.014934942476074298,0.024658048608502625
564.2838422465591,564.2838422465655,564.2838422465655,-6.480149750132114e-12,-6.480149750132114e-12,6.480149750132114e-12,6.480149750132114e-12
104.90999999999995,104.02961156232408,103.97635556013049,0.8803884376758759,0.9336444398694681,0.8803884376758759,0.9336444398694681
149.93000000000006,149.22770682236484,149.00915756839956,0.7022931776352266,0.920842431600505,0.7022931776352266,0.920842431600505
26.940000000000005,27.175222786582356,27.211782185740347,-0.23522278658235152,-0.2717821857403422,0.23522278658235152,0.2717821857403422
18.499999999999996,18.670124486475228,18.664991832663187,-0.17012448647523115,-0.1649918326631905,0.17012448647523115,0.1649918326631905
158.92000000000004,158.30801521161263,158.41955435998076,0.6119847883874172,0.5004456400192794,0.6119847883874172,0.5004456400192794
26.370000000000005,26.36893087856082,26.371311251296973,0.0010691214391833626,-0.0013112512969684076,0.0010691214391833626,0.0013112512969684076
51.14000000000003,51.221524729056384,51.18138415472217,-0.08152472905635477,-0.04138415472213808,0.08152472905635477,0.04138415472213808
172.58000000000004,171.2039621721593,171.06313439457801,1.3760378278407472,1.5168656054220264,1.3760378278407472,1.5168656054220264
433.86,431.55360592402906,430.39261999557516,2.3063940759709567,3.4673800044248537,2.3063940759709567,3.4673800044248537
3.71,3.711506403674897,3.7264969848307974,-0.0015064036748970722,-0.016496984830797423,0.0015064036748970722,0.016496984830797423
4.2,4.2056371290642645,4.214597303274257,-0.005637129064264279,-0.014597303274256568,0.005637129064264279,0.014597303274256568
18.66,18.68139330729302,18.688913050714827,-0.021393307293021024,-0.028913050714827193,0.021393307293021024,0.028913050714827193
35.77000000000001,35.88358301823811,35.86432797380655,-0.1135830182381028,-0.09432797380654279,0.1135830182381028,0.09432797380654279
58.520000000000024,58.634246244813696,58.5779089686854,-0.11424624481367118,-0.05790896868537487,0.11424624481367118,0.05790896868537487
121.97999999999996,122.16186376574457,122.03400120225491,-0.18186376574460894,-0.05400120225495186,0.18186376574460894,0.05400120225495186
42.20000000000001,42.210976066740436,42.215415365898394,-0.01097606674042595,-0.015415365898384437,0.01097606674042595,0.015415365898384437
201.14999999999998,201.46476055345647,201.69620176490855,-0.31476055345649456,-0.5462017649085738,0.31476055345649456,0.5462017649085738
398.19000000000017,392.7808316612453,392.37990758546545,5.409168338754853,5.810092414534722,5.409168338754853,5.810092414534722
49.28999999999997,49.18814751563787,49.250498925274506,0.10185248436209804,0.03950107472546449,0.10185248436209804,0.03950107472546449
3.5701718442655155,3.5701718442655253,3.5701718442655253,-9.769962616701378e-15,-9.769962616701378e-15,9.769962616701378e-15,9.769962616701378e-15
27.749999999999996,27.856664309387067,27.88144505149535,-0.10666430938707094,-0.1314450514953549,0.10666430938707094,0.1314450514953549
225.67000000000002,225.94105740529716,226.06435925301383,-0.2710574052971424,-0.3943592530138176,0.2710574052971424,0.3943592530138176
40.38000000000001,40.41652676274055,40.3832118844348,-0.036526762740543006,-0.0032118844347905906,0.036526762740543006,0.0032118844347905906
22.289999999999985,22.279833401446428,22.274937768685213,0.010166598553556838,0.015062231314772134,0.010166598553556838,0.015062231314772134
184.6,184.5443536076594,184.43374653163534,0.055646392340605644,0.16625346836465837,0.055646392340605644,0.16625346836465837
43.45000000000001,43.55025686235354,43.557602523025174,-0.10025686235353248,-0.10760252302516449,0.10025686235353248,0.10760252302516449
171.63999999999996,170.10507751859805,170.2996045380543,1.5349224814019067,1.3403954619456613,1.5349224814019067,1.3403954619456613
168.49999999999994,169.83493857281175,170.00044245025515,-1.334938572811808,-1.500442450255207,1.334938572811808,1.500442450255207
66.47999999999998,66.36870924833896,66.36919644562536,0.11129075166101643,0.11080355437461265,0.11129075166101643,0.11080355437461265
46.26,46.38423961531044,46.396778589838554,-0.1242396153104437,-0.13677858983855629,0.1242396153104437,0.13677858983855629
564.2838422465591,564.2838422465655,564.2838422465655,-6.480149750132114e-12,-6.480149750132114e-12,6.480149750132114e-12,6.480149750132114e-12
12.550000000000004,12.590983187532938,12.56682831315532,-0.04098318753293384,-0.0168283131553153,0.04098318753293384,0.0168283131553153
228.40000000000006,228.77275751494122,228.57984646287198,-0.3727575149411564,-0.17984646287192163,0.3727575149411564,0.17984646287192163
31.540000000000006,31.54932540513621,31.560613051877695,-0.009325405136202392,-0.020613051877688804,0.009325405136202392,0.020613051877688804
359.08999999999986,357.5784893492467,357.3120403204747,1.5115106507531664,1.7779596795251678,1.5115106507531664,1.7779596795251678
7.370000000000001,7.267572877817139,7.236900598326759,0.10242712218286165,0.13309940167324186,0.10242712218286165,0.13309940167324186
10.039999999999997,10.04088587463903,10.046969611407704,-0.000885874639033446,-0.006969611407706466,0.000885874639033446,0.006969611407706466
38.13,38.16831664363968,38.1497946343177,-0.03831664363967491,-0.019794634317698012,0.03831664363967491,0.019794634317698012
47.59000000000001,47.74564257819539,47.73515976368004,-0.1556425781953763,-0.14515976368002725,0.1556425781953763,0.14515976368002725
147.84,147.68696788567354,147.71394550364965,0.15303211432646435,0.12605449635034915,0.15303211432646435,0.12605449635034915
39.49999999999998,39.51089630483595,39.58194146846888,-0.010896304835974036,-0.08194146846889794,0.010896304835974036,0.08194146846889794
25.60000000000001,25.54844551690769,25.572666560107983,0.05155448309231758,0.027333439892025524,0.05155448309231758,0.027333439892025524
61.980000000000004,61.809347263428144,61.830884789230595,0.17065273657185998,0.14911521076940915,0.17065273657185998,0.14911521076940915
115.34000000000002,115.86509327822259,115.76679072968722,-0.5250932782225703,-0.4267907296871982,0.5250932782225703,0.4267907296871982
242.35999999999993,244.19004512571584,244.1402329456144,-1.8300451257159125,-1.7802329456144719,1.8300451257159125,1.7802329456144719
85.00999999999999,85.24144153294505,85.09749670765828,-0.23144153294505543,-0.0874967076582891,0.23144153294505543,0.0874967076582891
41.059999999999995,40.950693776294315,40.98433900458131,0.10930622370567988,0.0756609954186871,0.10930622370567988,0.0756609954186871
17.650000000000002,17.57282778233046,17.56424057921887,0.07717221766954196,0.08575942078113385,0.07717221766954196,0.08575942078113385
18.33999999999999,18.214077294938438,18.20370598695806,0.12592270506155145,0.13629401304192967,0.12592270506155145,0.13629401304192967
59.20999999999998,59.20642488958359,59.147294824380204,0.0035751104163921354,0.06270517561977584,0.0035751104163921354,0.06270517561977584
326.74000000000007,326.6744032448734,326.92071522527493,0.06559675512664853,-0.1807152252748665,0.06559675512664853,0.1807152252748665
109.84999999999997,109.84830229751898,109.9011267770773,0.0016977024809818886,-0.05112677707732871,0.0016977024809818886,0.05112677707732871
190.1,190.35062153007775,190.6996698158535,-0.25062153007775123,-0.5996698158535025,0.25062153007775123,0.5996698158535025
34.13999999999999,34.08959892900833,34.08789698861308,0.050401070991661356,0.052103011386911646,0.050401070991661356,0.052103011386911646
48.13000000000001,47.92307721674217,47.95349741792649,0.20692278325783775,0.17650258207351754,0.20692278325783775,0.17650258207351754
404.2100000000001,406.7410808373503,406.773206250039,-2.5310808373502027,-2.5632062500388884,2.5310808373502027,2.5632062500388884
111.73,111.59164554084477,111.43746444623359,0.13835445915523792,0.29253555376641316,0.13835445915523792,0.29253555376641316
13.870000000000006,13.905336398203609,13.91374471148203,-0.03533639820360257,-0.043744711482023746,0.03533639820360257,0.043744711482023746
564.2838422465591,564.2838422465655,564.2838422465655,-6.480149750132114e-12,-6.480149750132114e-12,6.480149750132114e-12,6.480149750132114e-12
99.13999999999996,99.32608330717845,99.42977489342715,-0.18608330717849242,-0.2897748934271931,0.18608330717849242,0.2897748934271931
564.2838422465591,564.2838422465655,564.2838422465655,-6.480149750132114e-12,-6.480149750132114e-12,6.480149750132114e-12,6.480149750132114e-12
10.31,10.258072161256406,10.285134009809704,0.051927838743594634,0.024865990190296117,0.051927838743594634,0.024865990190296117
35.400000000000006,35.49182146308181,35.46719698038117,-0.09182146308180705,-0.06719698038116206,0.09182146308180705,0.06719698038116206
67.29000000000003,67.27493489469104,67.29280020550924,0.015065105308991633,-0.002800205509203124,0.015065105308991633,0.002800205509203124
41.8,41.78064938279422,41.77735356262891,0.0193506172057738,0.022646437371086847,0.0193506172057738,0.022646437371086847
134.8,134.7271654575796,134.6252893015926,0.07283454242042353,0.17471069840740938,0.07283454242042353,0.17471069840740938
175.94999999999996,175.6525841827304,175.8882144182119,0.29741581726955246,0.06178558178805815,0.29741581726955246,0.06178558178805815
70.17,70.30293958593744,70.29548824234074,-0.13293958593743582,-0.12548824234073663,0.13293958593743582,0.12548824234073663
3.58,3.5701718442655253,3.5701718442655253,0.00982815573447482,0.00982815573447482,0.00982815573447482,0.00982815573447482
226.73,226.58877654012574,226.99973198372035,0.14122345987425433,-0.2697319837203622,0.14122345987425433,0.2697319837203622
8.450000000000003,8.552254096800302,8.525179288041926,-0.10225409680029962,-0.07517928804192309,0.10225409680029962,0.07517928804192309
92.91,92.96108300466669,93.02388598483411,-0.05108300466669391,-0.11388598483411272,0.05108300466669391,0.11388598483411272
91.09999999999998,91.18578170432488,91.21044530584412,-0.0857817043249014,-0.11044530584413792,0.0857817043249014,0.11044530584413792
